timestamp, index, utilization.gpu [%], utilization.memory [%], memory.used [MiB], memory.total [MiB], power.draw [W]
2026/08/07 17:22:40.487, 0, 0 %, 0 %, 0 MiB, 40960 MiB, 80.10 W
2026/08/07 17:22:45.497, 0, 0 %, 0 %, 0 MiB, 40960 MiB, 53.77 W
2026/08/07 17:22:50.499, 0, 0 %, 0 %, 38907 MiB, 40960 MiB, 101.44 W
2026/08/07 17:22:55.510, 0, 0 %, 0 %, 38907 MiB, 40960 MiB, 101.79 W
2026/08/07 17:23:00.512, 0, 0 %, 0 %, 38907 MiB, 40960 MiB, 101.55 W
2026/08/07 17:23:05.515, 0, 0 %, 0 %, 38907 MiB, 40960 MiB, 101.96 W
2026/08/07 17:23:10.517, 0, 0 %, 0 %, 38907 MiB, 40960 MiB, 101.67 W
2026/08/07 17:23:15.521, 0, 0 %, 0 %, 38907 MiB, 40960 MiB, 101.83 W
2026/08/07 17:23:20.523, 0, 0 %, 0 %, 38907 MiB, 40960 MiB, 101.67 W
2026/08/07 17:23:25.525, 0, 0 %, 0 %, 38907 MiB, 40960 MiB, 101.67 W
2026/08/07 17:23:30.528, 0, 0 %, 0 %, 38907 MiB, 40960 MiB, 101.67 W
2026/08/07 17:23:35.531, 0, 0 %, 0 %, 38907 MiB, 40960 MiB, 101.83 W
2026/08/07 17:23:40.534, 0, 0 %, 0 %, 38907 MiB, 40960 MiB, 101.67 W
2026/08/07 17:23:45.537, 0, 0 %, 0 %, 38907 MiB, 40960 MiB, 101.67 W
2026/08/07 17:23:50.539, 0, 0 %, 0 %, 38907 MiB, 40960 MiB, 101.83 W
2026/08/07 17:23:55.541, 0, 0 %, 0 %, 38907 MiB, 40960 MiB, 101.67 W
2026/08/07 17:24:00.544, 0, 0 %, 0 %, 38907 MiB, 40960 MiB, 101.67 W
2026/08/07 17:24:05.547, 0, 0 %, 0 %, 38907 MiB, 40960 MiB, 101.67 W
2026/08/07 17:24:10.551, 0, 0 %, 0 %, 38907 MiB, 40960 MiB, 101.67 W
2026/08/07 17:24:15.556, 0, 0 %, 0 %, 38907 MiB, 40960 MiB, 101.67 W
2026/08/07 17:24:20.563, 0, 0 %, 0 %, 38907 MiB, 40960 MiB, 102.07 W
2026/08/07 17:24:25.566, 0, 0 %, 0 %, 38907 MiB, 40960 MiB, 101.83 W
2026/08/07 17:24:30.569, 0, 0 %, 0 %, 38907 MiB, 40960 MiB, 101.67 W
2026/08/07 17:24:35.573, 0, 0 %, 0 %, 38907 MiB, 40960 MiB, 101.67 W
2026/08/07 17:24:40.575, 0, 0 %, 0 %, 38907 MiB, 40960 MiB, 101.83 W
2026/08/07 17:24:45.578, 0, 0 %, 0 %, 38907 MiB, 40960 MiB, 101.96 W
2026/08/07 17:24:50.580, 0, 0 %, 0 %, 38907 MiB, 40960 MiB, 101.67 W
2026/08/07 17:24:55.583, 0, 0 %, 0 %, 38907 MiB, 40960 MiB, 101.96 W
2026/08/07 17:25:00.587, 0, 0 %, 0 %, 38907 MiB, 40960 MiB, 101.96 W
2026/08/07 17:25:05.589, 0, 0 %, 0 %, 38907 MiB, 40960 MiB, 101.67 W
2026/08/07 17:25:10.593, 0, 0 %, 0 %, 38907 MiB, 40960 MiB, 101.67 W
2026/08/07 17:25:15.595, 0, 0 %, 0 %, 38907 MiB, 40960 MiB, 101.83 W
2026/08/07 17:25:20.599, 0, 0 %, 0 %, 38907 MiB, 40960 MiB, 101.96 W
2026/08/07 17:25:25.601, 0, 0 %, 0 %, 38907 MiB, 40960 MiB, 101.67 W
2026/08/07 17:25:30.604, 0, 0 %, 0 %, 38907 MiB, 40960 MiB, 101.83 W
2026/08/07 17:25:35.608, 0, 0 %, 0 %, 38907 MiB, 40960 MiB, 101.79 W
2026/08/07 17:25:40.610, 0, 0 %, 0 %, 38907 MiB, 40960 MiB, 101.67 W
2026/08/07 17:25:45.613, 0, 0 %, 0 %, 38907 MiB, 40960 MiB, 101.96 W
2026/08/07 17:25:50.617, 0, 0 %, 0 %, 38907 MiB, 40960 MiB, 101.96 W
2026/08/07 17:25:55.621, 0, 0 %, 0 %, 38907 MiB, 40960 MiB, 101.67 W
2026/08/07 17:26:00.624, 0, 0 %, 0 %, 38907 MiB, 40960 MiB, 101.67 W
2026/08/07 17:26:05.627, 0, 0 %, 0 %, 38907 MiB, 40960 MiB, 101.83 W
2026/08/07 17:26:10.630, 0, 0 %, 0 %, 38907 MiB, 40960 MiB, 101.83 W
2026/08/07 17:26:15.633, 0, 0 %, 0 %, 38907 MiB, 40960 MiB, 101.83 W
2026/08/07 17:26:20.636, 0, 0 %, 0 %, 38907 MiB, 40960 MiB, 101.71 W
2026/08/07 17:26:25.639, 0, 0 %, 0 %, 38907 MiB, 40960 MiB, 101.83 W
2026/08/07 17:26:30.641, 0, 0 %, 0 %, 38907 MiB, 40960 MiB, 101.79 W
2026/08/07 17:26:35.644, 0, 0 %, 0 %, 38907 MiB, 40960 MiB, 101.96 W
2026/08/07 17:26:40.647, 0, 0 %, 0 %, 38907 MiB, 40960 MiB, 101.96 W
2026/08/07 17:26:45.650, 0, 0 %, 0 %, 38907 MiB, 40960 MiB, 101.67 W
2026/08/07 17:26:50.654, 0, 0 %, 0 %, 38907 MiB, 40960 MiB, 101.79 W
2026/08/07 17:26:55.659, 0, 0 %, 0 %, 38907 MiB, 40960 MiB, 101.79 W
2026/08/07 17:27:00.662, 0, 0 %, 0 %, 38909 MiB, 40960 MiB, 101.96 W
2026/08/07 17:27:05.665, 0, 16 %, 0 %, 38919 MiB, 40960 MiB, 101.67 W
2026/08/07 17:27:10.668, 0, 9 %, 0 %, 38919 MiB, 40960 MiB, 101.83 W
2026/08/07 17:27:15.671, 0, 2 %, 0 %, 38919 MiB, 40960 MiB, 101.96 W
2026/08/07 17:27:20.674, 0, 2 %, 0 %, 38919 MiB, 40960 MiB, 101.96 W
2026/08/07 17:27:25.676, 0, 2 %, 0 %, 38919 MiB, 40960 MiB, 102.08 W
2026/08/07 17:27:30.679, 0, 2 %, 0 %, 38919 MiB, 40960 MiB, 101.96 W
2026/08/07 17:27:35.681, 0, 2 %, 0 %, 38919 MiB, 40960 MiB, 101.83 W
2026/08/07 17:27:40.684, 0, 2 %, 0 %, 38919 MiB, 40960 MiB, 101.96 W
2026/08/07 17:27:45.686, 0, 0 %, 0 %, 38919 MiB, 40960 MiB, 101.79 W
2026/08/07 17:27:50.689, 0, 0 %, 0 %, 38919 MiB, 40960 MiB, 101.96 W
2026/08/07 17:27:55.691, 0, 0 %, 0 %, 38919 MiB, 40960 MiB, 101.83 W
2026/08/07 17:28:00.694, 0, 0 %, 0 %, 38919 MiB, 40960 MiB, 101.67 W
2026/08/07 17:28:05.696, 0, 0 %, 0 %, 38919 MiB, 40960 MiB, 101.96 W
2026/08/07 17:28:10.699, 0, 0 %, 0 %, 38919 MiB, 40960 MiB, 101.83 W
2026/08/07 17:28:15.702, 0, 0 %, 0 %, 38919 MiB, 40960 MiB, 101.67 W
2026/08/07 17:28:20.704, 0, 0 %, 0 %, 38919 MiB, 40960 MiB, 101.67 W
2026/08/07 17:28:25.707, 0, 0 %, 0 %, 38919 MiB, 40960 MiB, 101.83 W
2026/08/07 17:28:30.710, 0, 0 %, 0 %, 38919 MiB, 40960 MiB, 102.07 W
2026/08/07 17:28:35.713, 0, 0 %, 0 %, 38919 MiB, 40960 MiB, 101.67 W
2026/08/07 17:28:40.715, 0, 0 %, 0 %, 38919 MiB, 40960 MiB, 101.55 W
2026/08/07 17:28:45.718, 0, 0 %, 0 %, 38919 MiB, 40960 MiB, 101.67 W
2026/08/07 17:28:50.721, 0, 0 %, 0 %, 38919 MiB, 40960 MiB, 101.67 W
2026/08/07 17:28:55.724, 0, 0 %, 0 %, 38919 MiB, 40960 MiB, 101.67 W
2026/08/07 17:29:00.727, 0, 0 %, 0 %, 38919 MiB, 40960 MiB, 101.83 W
2026/08/07 17:29:05.731, 0, 0 %, 0 %, 38919 MiB, 40960 MiB, 101.67 W
2026/08/07 17:29:10.733, 0, 0 %, 0 %, 38919 MiB, 40960 MiB, 101.67 W
2026/08/07 17:29:15.738, 0, 0 %, 0 %, 38919 MiB, 40960 MiB, 101.67 W
2026/08/07 17:29:20.740, 0, 0 %, 0 %, 38919 MiB, 40960 MiB, 101.71 W
2026/08/07 17:29:25.743, 0, 0 %, 0 %, 38919 MiB, 40960 MiB, 101.67 W
2026/08/07 17:29:30.746, 0, 0 %, 0 %, 38919 MiB, 40960 MiB, 101.67 W
2026/08/07 17:29:35.752, 0, 0 %, 0 %, 38919 MiB, 40960 MiB, 101.71 W
2026/08/07 17:29:40.755, 0, 0 %, 0 %, 38919 MiB, 40960 MiB, 101.79 W
2026/08/07 17:29:45.769, 0, 0 %, 0 %, 38919 MiB, 40960 MiB, 101.67 W
2026/08/07 17:29:50.780, 0, 0 %, 0 %, 38919 MiB, 40960 MiB, 101.83 W
2026/08/07 17:29:55.790, 0, 0 %, 0 %, 38919 MiB, 40960 MiB, 101.83 W
2026/08/07 17:30:00.805, 0, 0 %, 0 %, 38919 MiB, 40960 MiB, 101.96 W
2026/08/07 17:30:05.820, 0, 0 %, 0 %, 38919 MiB, 40960 MiB, 101.67 W
2026/08/07 17:30:10.840, 0, 0 %, 0 %, 38919 MiB, 40960 MiB, 101.55 W
2026/08/07 17:30:15.856, 0, 0 %, 0 %, 38919 MiB, 40960 MiB, 101.67 W
2026/08/07 17:30:20.865, 0, 0 %, 0 %, 38919 MiB, 40960 MiB, 101.79 W
2026/08/07 17:30:25.874, 0, 0 %, 0 %, 38919 MiB, 40960 MiB, 101.67 W
2026/08/07 17:30:30.887, 0, 0 %, 0 %, 38919 MiB, 40960 MiB, 101.96 W
2026/08/07 17:30:35.902, 0, 0 %, 0 %, 38919 MiB, 40960 MiB, 101.79 W
2026/08/07 17:30:40.914, 0, 0 %, 0 %, 38919 MiB, 40960 MiB, 101.79 W
2026/08/07 17:30:45.928, 0, 0 %, 0 %, 38919 MiB, 40960 MiB, 101.67 W
2026/08/07 17:30:50.939, 0, 0 %, 0 %, 38919 MiB, 40960 MiB, 101.79 W
2026/08/07 17:30:55.959, 0, 0 %, 0 %, 38919 MiB, 40960 MiB, 101.79 W
2026/08/07 17:31:00.971, 0, 0 %, 0 %, 38919 MiB, 40960 MiB, 101.83 W
2026/08/07 17:31:05.983, 0, 0 %, 0 %, 38919 MiB, 40960 MiB, 101.79 W
2026/08/07 17:31:10.991, 0, 0 %, 0 %, 38919 MiB, 40960 MiB, 101.79 W
2026/08/07 17:31:15.998, 0, 0 %, 0 %, 38919 MiB, 40960 MiB, 101.79 W
2026/08/07 17:31:21.010, 0, 0 %, 0 %, 38919 MiB, 40960 MiB, 101.67 W
2026/08/07 17:31:26.021, 0, 0 %, 0 %, 38919 MiB, 40960 MiB, 101.67 W
2026/08/07 17:31:31.037, 0, 0 %, 0 %, 38919 MiB, 40960 MiB, 101.67 W
2026/08/07 17:31:36.049, 0, 0 %, 0 %, 38919 MiB, 40960 MiB, 101.83 W
2026/08/07 17:31:41.063, 0, 0 %, 0 %, 38919 MiB, 40960 MiB, 101.67 W
2026/08/07 17:31:46.073, 0, 0 %, 0 %, 38919 MiB, 40960 MiB, 101.67 W
2026/08/07 17:31:51.081, 0, 0 %, 0 %, 38919 MiB, 40960 MiB, 101.55 W
2026/08/07 17:31:56.096, 0, 0 %, 0 %, 38919 MiB, 40960 MiB, 101.44 W
2026/08/07 17:32:01.107, 0, 0 %, 0 %, 0 MiB, 40960 MiB, 54.02 W
2026/08/07 17:32:06.121, 0, 0 %, 0 %, 0 MiB, 40960 MiB, 53.84 W
2026/08/07 17:32:11.129, 0, 0 %, 0 %, 0 MiB, 40960 MiB, 54.02 W
2026/08/07 17:32:16.143, 0, 0 %, 0 %, 38907 MiB, 40960 MiB, 101.44 W
2026/08/07 17:32:21.171, 0, 0 %, 0 %, 38907 MiB, 40960 MiB, 101.32 W
2026/08/07 17:32:26.187, 0, 0 %, 0 %, 38907 MiB, 40960 MiB, 101.32 W
2026/08/07 17:32:31.203, 0, 0 %, 0 %, 38907 MiB, 40960 MiB, 101.44 W
2026/08/07 17:32:36.215, 0, 0 %, 0 %, 38907 MiB, 40960 MiB, 101.44 W
2026/08/07 17:32:41.228, 0, 0 %, 0 %, 38907 MiB, 40960 MiB, 101.44 W
2026/08/07 17:32:46.238, 0, 0 %, 0 %, 38907 MiB, 40960 MiB, 101.55 W
2026/08/07 17:32:51.247, 0, 0 %, 0 %, 38907 MiB, 40960 MiB, 101.56 W
2026/08/07 17:32:56.254, 0, 0 %, 0 %, 38907 MiB, 40960 MiB, 101.44 W
2026/08/07 17:33:01.268, 0, 0 %, 0 %, 38907 MiB, 40960 MiB, 101.32 W
2026/08/07 17:33:06.288, 0, 0 %, 0 %, 38907 MiB, 40960 MiB, 101.44 W
2026/08/07 17:33:11.303, 0, 0 %, 0 %, 38907 MiB, 40960 MiB, 101.44 W
2026/08/07 17:33:16.314, 0, 0 %, 0 %, 38907 MiB, 40960 MiB, 101.55 W
2026/08/07 17:33:21.326, 0, 0 %, 0 %, 38907 MiB, 40960 MiB, 101.44 W
2026/08/07 17:33:26.343, 0, 0 %, 0 %, 38907 MiB, 40960 MiB, 101.44 W
2026/08/07 17:33:31.353, 0, 0 %, 0 %, 38907 MiB, 40960 MiB, 101.44 W
2026/08/07 17:33:36.367, 0, 0 %, 0 %, 38907 MiB, 40960 MiB, 101.44 W
2026/08/07 17:33:41.381, 0, 0 %, 0 %, 38907 MiB, 40960 MiB, 101.44 W
2026/08/07 17:33:46.391, 0, 0 %, 0 %, 38907 MiB, 40960 MiB, 101.44 W
2026/08/07 17:33:51.401, 0, 0 %, 0 %, 38907 MiB, 40960 MiB, 101.44 W
2026/08/07 17:33:56.415, 0, 0 %, 0 %, 38907 MiB, 40960 MiB, 101.56 W
2026/08/07 17:34:01.426, 0, 0 %, 0 %, 38907 MiB, 40960 MiB, 101.44 W
2026/08/07 17:34:06.441, 0, 0 %, 0 %, 38907 MiB, 40960 MiB, 101.67 W
2026/08/07 17:34:11.452, 0, 0 %, 0 %, 38907 MiB, 40960 MiB, 101.55 W
2026/08/07 17:34:16.463, 0, 0 %, 0 %, 38907 MiB, 40960 MiB, 101.56 W
2026/08/07 17:34:21.478, 0, 0 %, 0 %, 38907 MiB, 40960 MiB, 101.44 W
2026/08/07 17:34:26.487, 0, 0 %, 0 %, 38907 MiB, 40960 MiB, 101.44 W
2026/08/07 17:34:31.497, 0, 0 %, 0 %, 38907 MiB, 40960 MiB, 101.56 W
2026/08/07 17:34:36.502, 0, 0 %, 0 %, 38907 MiB, 40960 MiB, 101.44 W
2026/08/07 17:34:41.511, 0, 0 %, 0 %, 38907 MiB, 40960 MiB, 101.55 W
2026/08/07 17:34:46.523, 0, 0 %, 0 %, 38907 MiB, 40960 MiB, 101.44 W
2026/08/07 17:34:51.539, 0, 0 %, 0 %, 38907 MiB, 40960 MiB, 101.56 W
2026/08/07 17:34:56.550, 0, 0 %, 0 %, 38907 MiB, 40960 MiB, 101.44 W
2026/08/07 17:35:01.558, 0, 0 %, 0 %, 38907 MiB, 40960 MiB, 101.55 W
2026/08/07 17:35:06.569, 0, 0 %, 0 %, 38907 MiB, 40960 MiB, 101.44 W
2026/08/07 17:35:11.583, 0, 0 %, 0 %, 38907 MiB, 40960 MiB, 101.32 W
2026/08/07 17:35:16.596, 0, 0 %, 0 %, 38907 MiB, 40960 MiB, 101.55 W
2026/08/07 17:35:21.608, 0, 0 %, 0 %, 38907 MiB, 40960 MiB, 101.44 W
2026/08/07 17:35:26.620, 0, 0 %, 0 %, 38907 MiB, 40960 MiB, 101.56 W
2026/08/07 17:35:31.631, 0, 0 %, 0 %, 38907 MiB, 40960 MiB, 101.44 W
2026/08/07 17:35:36.641, 0, 0 %, 0 %, 38907 MiB, 40960 MiB, 101.55 W
2026/08/07 17:35:41.655, 0, 0 %, 0 %, 38907 MiB, 40960 MiB, 101.56 W
2026/08/07 17:35:46.665, 0, 0 %, 0 %, 38907 MiB, 40960 MiB, 101.44 W
2026/08/07 17:35:51.675, 0, 0 %, 0 %, 38907 MiB, 40960 MiB, 101.32 W
2026/08/07 17:35:56.681, 0, 0 %, 0 %, 38907 MiB, 40960 MiB, 101.44 W
2026/08/07 17:36:01.694, 0, 0 %, 0 %, 38907 MiB, 40960 MiB, 101.44 W
2026/08/07 17:36:06.703, 0, 0 %, 0 %, 38907 MiB, 40960 MiB, 101.55 W
2026/08/07 17:36:11.719, 0, 0 %, 0 %, 38907 MiB, 40960 MiB, 101.44 W
2026/08/07 17:36:16.730, 0, 0 %, 0 %, 38907 MiB, 40960 MiB, 101.44 W
2026/08/07 17:36:21.741, 0, 0 %, 0 %, 38923 MiB, 40960 MiB, 101.44 W
2026/08/07 17:36:26.747, 0, 6 %, 0 %, 38925 MiB, 40960 MiB, 102.60 W
2026/08/07 17:36:31.757, 0, 5 %, 0 %, 38925 MiB, 40960 MiB, 102.55 W
2026/08/07 17:36:36.771, 0, 2 %, 0 %, 38925 MiB, 40960 MiB, 102.08 W
2026/08/07 17:36:41.778, 0, 5 %, 0 %, 38925 MiB, 40960 MiB, 102.31 W
2026/08/07 17:36:46.798, 0, 5 %, 0 %, 38925 MiB, 40960 MiB, 102.95 W
2026/08/07 17:36:51.805, 0, 9 %, 0 %, 38925 MiB, 40960 MiB, 103.47 W
2026/08/07 17:36:56.818, 0, 0 %, 0 %, 38925 MiB, 40960 MiB, 101.67 W
2026/08/07 17:37:01.829, 0, 3 %, 0 %, 38925 MiB, 40960 MiB, 101.83 W
2026/08/07 17:37:06.842, 0, 8 %, 0 %, 38925 MiB, 40960 MiB, 102.19 W
2026/08/07 17:37:11.853, 0, 9 %, 0 %, 38925 MiB, 40960 MiB, 104.00 W
2026/08/07 17:37:16.867, 0, 0 %, 0 %, 38925 MiB, 40960 MiB, 101.83 W
2026/08/07 17:37:21.879, 0, 6 %, 0 %, 38925 MiB, 40960 MiB, 102.95 W
2026/08/07 17:37:26.890, 0, 4 %, 0 %, 38925 MiB, 40960 MiB, 102.95 W
2026/08/07 17:37:31.903, 0, 5 %, 0 %, 38925 MiB, 40960 MiB, 102.31 W
2026/08/07 17:37:36.913, 0, 1 %, 0 %, 38925 MiB, 40960 MiB, 101.96 W
2026/08/07 17:37:41.926, 0, 5 %, 0 %, 38925 MiB, 40960 MiB, 102.55 W
2026/08/07 17:37:46.940, 0, 0 %, 0 %, 38925 MiB, 40960 MiB, 101.79 W
2026/08/07 17:37:51.954, 0, 0 %, 0 %, 38925 MiB, 40960 MiB, 101.83 W
2026/08/07 17:37:56.970, 0, 0 %, 0 %, 38925 MiB, 40960 MiB, 101.96 W
2026/08/07 17:38:01.979, 0, 5 %, 0 %, 38925 MiB, 40960 MiB, 101.67 W
2026/08/07 17:38:06.991, 0, 0 %, 0 %, 38925 MiB, 40960 MiB, 101.67 W
2026/08/07 17:38:11.999, 0, 0 %, 0 %, 38925 MiB, 40960 MiB, 101.67 W
2026/08/07 17:38:17.011, 0, 5 %, 0 %, 38925 MiB, 40960 MiB, 102.84 W
2026/08/07 17:38:22.021, 0, 5 %, 0 %, 38925 MiB, 40960 MiB, 102.60 W
2026/08/07 17:38:27.032, 0, 3 %, 0 %, 38925 MiB, 40960 MiB, 102.55 W
2026/08/07 17:38:32.044, 0, 5 %, 0 %, 38925 MiB, 40960 MiB, 102.43 W
2026/08/07 17:38:37.057, 0, 0 %, 0 %, 38925 MiB, 40960 MiB, 101.67 W
2026/08/07 17:38:42.071, 0, 5 %, 0 %, 38925 MiB, 40960 MiB, 102.43 W
2026/08/07 17:38:47.088, 0, 2 %, 0 %, 38925 MiB, 40960 MiB, 102.19 W
2026/08/07 17:38:52.105, 0, 0 %, 0 %, 38925 MiB, 40960 MiB, 101.79 W
2026/08/07 17:38:57.108, 0, 0 %, 0 %, 38925 MiB, 40960 MiB, 101.83 W
2026/08/07 17:39:02.126, 0, 3 %, 0 %, 38925 MiB, 40960 MiB, 101.67 W
2026/08/07 17:39:07.137, 0, 5 %, 0 %, 38925 MiB, 40960 MiB, 102.95 W
2026/08/07 17:39:12.147, 0, 9 %, 0 %, 38925 MiB, 40960 MiB, 102.95 W
2026/08/07 17:39:17.159, 0, 9 %, 0 %, 38925 MiB, 40960 MiB, 103.47 W
2026/08/07 17:39:22.172, 0, 9 %, 0 %, 38925 MiB, 40960 MiB, 103.47 W
2026/08/07 17:39:27.181, 0, 7 %, 0 %, 38925 MiB, 40960 MiB, 103.24 W
2026/08/07 17:39:32.194, 0, 3 %, 0 %, 38925 MiB, 40960 MiB, 102.07 W
2026/08/07 17:39:37.210, 0, 0 %, 0 %, 38925 MiB, 40960 MiB, 101.96 W
2026/08/07 17:39:42.224, 0, 0 %, 0 %, 38925 MiB, 40960 MiB, 101.96 W
2026/08/07 17:39:47.232, 0, 9 %, 0 %, 38925 MiB, 40960 MiB, 101.96 W
2026/08/07 17:39:52.241, 0, 0 %, 0 %, 38925 MiB, 40960 MiB, 102.08 W
2026/08/07 17:39:57.259, 0, 3 %, 0 %, 38925 MiB, 40960 MiB, 102.19 W
2026/08/07 17:40:02.267, 0, 5 %, 0 %, 38925 MiB, 40960 MiB, 102.72 W
2026/08/07 17:40:07.278, 0, 0 %, 0 %, 38925 MiB, 40960 MiB, 101.67 W
2026/08/07 17:40:12.284, 0, 5 %, 0 %, 38925 MiB, 40960 MiB, 102.31 W
2026/08/07 17:40:17.296, 0, 5 %, 0 %, 38925 MiB, 40960 MiB, 102.55 W
2026/08/07 17:40:22.305, 0, 6 %, 0 %, 38925 MiB, 40960 MiB, 103.35 W
2026/08/07 17:40:27.316, 0, 1 %, 0 %, 38925 MiB, 40960 MiB, 101.67 W
2026/08/07 17:40:32.334, 0, 5 %, 0 %, 38925 MiB, 40960 MiB, 102.72 W
2026/08/07 17:40:37.342, 0, 9 %, 0 %, 38925 MiB, 40960 MiB, 103.24 W
2026/08/07 17:40:42.354, 0, 9 %, 0 %, 38925 MiB, 40960 MiB, 103.35 W
2026/08/07 17:40:47.365, 0, 9 %, 0 %, 38925 MiB, 40960 MiB, 103.24 W
2026/08/07 17:40:52.374, 0, 7 %, 0 %, 38925 MiB, 40960 MiB, 103.36 W
2026/08/07 17:40:57.380, 0, 0 %, 0 %, 38925 MiB, 40960 MiB, 101.55 W
2026/08/07 17:41:02.389, 0, 6 %, 0 %, 38925 MiB, 40960 MiB, 102.95 W
2026/08/07 17:41:07.400, 0, 0 %, 0 %, 38925 MiB, 40960 MiB, 101.67 W
2026/08/07 17:41:12.410, 0, 5 %, 0 %, 38925 MiB, 40960 MiB, 102.60 W
2026/08/07 17:41:17.423, 0, 5 %, 0 %, 38925 MiB, 40960 MiB, 102.72 W
2026/08/07 17:41:22.437, 0, 6 %, 0 %, 38925 MiB, 40960 MiB, 103.36 W
2026/08/07 17:41:27.447, 0, 5 %, 0 %, 38925 MiB, 40960 MiB, 103.11 W
2026/08/07 17:41:32.457, 0, 2 %, 0 %, 38925 MiB, 40960 MiB, 101.96 W
2026/08/07 17:41:37.465, 0, 0 %, 0 %, 38925 MiB, 40960 MiB, 101.67 W
2026/08/07 17:41:42.480, 0, 0 %, 0 %, 38925 MiB, 40960 MiB, 101.67 W
2026/08/07 17:41:47.493, 0, 5 %, 0 %, 38925 MiB, 40960 MiB, 101.83 W
2026/08/07 17:41:52.504, 0, 7 %, 0 %, 38925 MiB, 40960 MiB, 102.60 W
2026/08/07 17:41:57.514, 0, 9 %, 0 %, 38925 MiB, 40960 MiB, 103.24 W
2026/08/07 17:42:02.523, 0, 9 %, 0 %, 38925 MiB, 40960 MiB, 103.59 W
2026/08/07 17:42:07.533, 0, 9 %, 0 %, 38925 MiB, 40960 MiB, 103.47 W
2026/08/07 17:42:12.547, 0, 3 %, 0 %, 38925 MiB, 40960 MiB, 101.96 W
2026/08/07 17:42:17.554, 0, 0 %, 0 %, 38925 MiB, 40960 MiB, 101.96 W
2026/08/07 17:42:22.562, 0, 0 %, 0 %, 38925 MiB, 40960 MiB, 101.67 W
2026/08/07 17:42:27.575, 0, 5 %, 0 %, 38925 MiB, 40960 MiB, 101.79 W
2026/08/07 17:42:32.591, 0, 0 %, 0 %, 38925 MiB, 40960 MiB, 101.44 W
2026/08/07 17:42:37.601, 0, 6 %, 0 %, 38925 MiB, 40960 MiB, 102.95 W
2026/08/07 17:42:42.615, 0, 5 %, 0 %, 38925 MiB, 40960 MiB, 102.84 W
2026/08/07 17:42:47.632, 0, 4 %, 0 %, 38925 MiB, 40960 MiB, 102.60 W
2026/08/07 17:42:52.643, 0, 5 %, 0 %, 38925 MiB, 40960 MiB, 102.83 W
2026/08/07 17:42:57.655, 0, 0 %, 0 %, 38925 MiB, 40960 MiB, 101.96 W
2026/08/07 17:43:02.663, 0, 5 %, 0 %, 38925 MiB, 40960 MiB, 102.84 W
2026/08/07 17:43:07.677, 0, 1 %, 0 %, 38925 MiB, 40960 MiB, 101.67 W
2026/08/07 17:43:12.687, 0, 9 %, 0 %, 38925 MiB, 40960 MiB, 103.24 W
2026/08/07 17:43:17.698, 0, 9 %, 0 %, 38925 MiB, 40960 MiB, 103.35 W
2026/08/07 17:43:22.708, 0, 7 %, 0 %, 38925 MiB, 40960 MiB, 103.47 W
2026/08/07 17:43:27.720, 0, 2 %, 0 %, 38925 MiB, 40960 MiB, 102.08 W
2026/08/07 17:43:32.730, 0, 0 %, 0 %, 38925 MiB, 40960 MiB, 101.96 W
2026/08/07 17:43:37.748, 0, 0 %, 0 %, 38925 MiB, 40960 MiB, 101.96 W
2026/08/07 17:43:42.765, 0, 1 %, 0 %, 38925 MiB, 40960 MiB, 103.71 W
2026/08/07 17:43:47.772, 0, 0 %, 0 %, 0 MiB, 40960 MiB, 101.96 W
2026/08/07 17:43:52.786, 0, 0 %, 0 %, 0 MiB, 40960 MiB, 53.95 W
2026/08/07 17:43:57.793, 0, 0 %, 0 %, 0 MiB, 40960 MiB, 54.08 W
2026/08/07 17:44:02.807, 0, 0 %, 0 %, 38907 MiB, 40960 MiB, 101.79 W
2026/08/07 17:44:07.815, 0, 0 %, 0 %, 38907 MiB, 40960 MiB, 101.83 W
2026/08/07 17:44:12.832, 0, 0 %, 0 %, 38907 MiB, 40960 MiB, 101.67 W
2026/08/07 17:44:17.852, 0, 0 %, 0 %, 38907 MiB, 40960 MiB, 101.96 W
2026/08/07 17:44:22.875, 0, 0 %, 0 %, 38907 MiB, 40960 MiB, 101.96 W
2026/08/07 17:44:27.897, 0, 0 %, 0 %, 38907 MiB, 40960 MiB, 101.83 W
2026/08/07 17:44:32.915, 0, 0 %, 0 %, 38907 MiB, 40960 MiB, 101.96 W
2026/08/07 17:44:37.934, 0, 0 %, 0 %, 38907 MiB, 40960 MiB, 102.08 W
2026/08/07 17:44:42.961, 0, 0 %, 0 %, 38907 MiB, 40960 MiB, 101.83 W
2026/08/07 17:44:47.977, 0, 0 %, 0 %, 38907 MiB, 40960 MiB, 102.08 W
2026/08/07 17:44:52.994, 0, 0 %, 0 %, 38907 MiB, 40960 MiB, 101.79 W
2026/08/07 17:44:58.018, 0, 0 %, 0 %, 38907 MiB, 40960 MiB, 101.83 W
2026/08/07 17:45:03.038, 0, 0 %, 0 %, 38907 MiB, 40960 MiB, 101.96 W
2026/08/07 17:45:08.045, 0, 0 %, 0 %, 38907 MiB, 40960 MiB, 102.08 W
2026/08/07 17:45:13.057, 0, 0 %, 0 %, 38907 MiB, 40960 MiB, 101.96 W
2026/08/07 17:45:18.069, 0, 0 %, 0 %, 38907 MiB, 40960 MiB, 101.83 W
2026/08/07 17:45:23.086, 0, 0 %, 0 %, 38907 MiB, 40960 MiB, 101.96 W
2026/08/07 17:45:28.097, 0, 0 %, 0 %, 38907 MiB, 40960 MiB, 102.08 W
2026/08/07 17:45:33.115, 0, 0 %, 0 %, 38907 MiB, 40960 MiB, 101.83 W
2026/08/07 17:45:38.131, 0, 0 %, 0 %, 38907 MiB, 40960 MiB, 101.96 W
2026/08/07 17:45:43.149, 0, 0 %, 0 %, 38907 MiB, 40960 MiB, 101.96 W
2026/08/07 17:45:48.173, 0, 0 %, 0 %, 38907 MiB, 40960 MiB, 101.96 W
2026/08/07 17:45:53.187, 0, 0 %, 0 %, 38907 MiB, 40960 MiB, 101.83 W
2026/08/07 17:45:58.201, 0, 0 %, 0 %, 38907 MiB, 40960 MiB, 101.96 W
2026/08/07 17:46:03.223, 0, 0 %, 0 %, 38907 MiB, 40960 MiB, 101.95 W
2026/08/07 17:46:08.230, 0, 0 %, 0 %, 38907 MiB, 40960 MiB, 102.19 W
2026/08/07 17:46:13.251, 0, 0 %, 0 %, 38907 MiB, 40960 MiB, 102.08 W
2026/08/07 17:46:18.271, 0, 0 %, 0 %, 38907 MiB, 40960 MiB, 102.31 W
2026/08/07 17:46:23.287, 0, 0 %, 0 %, 38907 MiB, 40960 MiB, 102.07 W
2026/08/07 17:46:28.301, 0, 0 %, 0 %, 38907 MiB, 40960 MiB, 101.96 W
2026/08/07 17:46:33.314, 0, 0 %, 0 %, 38907 MiB, 40960 MiB, 101.96 W
2026/08/07 17:46:38.328, 0, 0 %, 0 %, 38907 MiB, 40960 MiB, 102.08 W
2026/08/07 17:46:43.343, 0, 0 %, 0 %, 38907 MiB, 40960 MiB, 101.96 W
2026/08/07 17:46:48.363, 0, 0 %, 0 %, 38907 MiB, 40960 MiB, 102.08 W
2026/08/07 17:46:53.379, 0, 0 %, 0 %, 38907 MiB, 40960 MiB, 101.96 W
2026/08/07 17:46:58.392, 0, 0 %, 0 %, 38907 MiB, 40960 MiB, 101.83 W
2026/08/07 17:47:03.403, 0, 0 %, 0 %, 38907 MiB, 40960 MiB, 101.96 W
2026/08/07 17:47:08.417, 0, 0 %, 0 %, 38907 MiB, 40960 MiB, 101.96 W
2026/08/07 17:47:13.429, 0, 0 %, 0 %, 38907 MiB, 40960 MiB, 102.19 W
2026/08/07 17:47:18.447, 0, 0 %, 0 %, 38907 MiB, 40960 MiB, 101.96 W
2026/08/07 17:47:23.466, 0, 0 %, 0 %, 38907 MiB, 40960 MiB, 102.08 W
2026/08/07 17:47:28.484, 0, 0 %, 0 %, 38907 MiB, 40960 MiB, 101.96 W
2026/08/07 17:47:33.497, 0, 0 %, 0 %, 38907 MiB, 40960 MiB, 102.07 W
2026/08/07 17:47:38.513, 0, 0 %, 0 %, 38907 MiB, 40960 MiB, 102.08 W
2026/08/07 17:47:43.533, 0, 0 %, 0 %, 38907 MiB, 40960 MiB, 102.19 W
2026/08/07 17:47:48.543, 0, 0 %, 0 %, 38907 MiB, 40960 MiB, 102.07 W
2026/08/07 17:47:53.552, 0, 0 %, 0 %, 38907 MiB, 40960 MiB, 102.08 W
2026/08/07 17:47:58.571, 0, 0 %, 0 %, 38907 MiB, 40960 MiB, 101.96 W
2026/08/07 17:48:03.577, 0, 0 %, 0 %, 38907 MiB, 40960 MiB, 102.19 W
2026/08/07 17:48:08.594, 0, 0 %, 0 %, 38907 MiB, 40960 MiB, 102.07 W
2026/08/07 17:48:13.604, 0, 0 %, 0 %, 38907 MiB, 40960 MiB, 101.96 W
2026/08/07 17:48:18.653, 0, 0 %, 0 %, 0 MiB, 40960 MiB, 54.32 W
2026/08/07 17:48:23.665, 0, 0 %, 0 %, 0 MiB, 40960 MiB, 54.02 W
2026/08/07 17:48:28.681, 0, 2 %, 0 %, 38907 MiB, 40960 MiB, 101.44 W
2026/08/07 17:48:33.699, 0, 0 %, 0 %, 38907 MiB, 40960 MiB, 101.96 W
2026/08/07 17:48:38.712, 0, 0 %, 0 %, 38907 MiB, 40960 MiB, 102.07 W
2026/08/07 17:48:43.727, 0, 0 %, 0 %, 38907 MiB, 40960 MiB, 101.83 W
2026/08/07 17:48:48.741, 0, 0 %, 0 %, 38907 MiB, 40960 MiB, 101.96 W
2026/08/07 17:48:53.762, 0, 0 %, 0 %, 38907 MiB, 40960 MiB, 102.07 W
2026/08/07 17:48:58.771, 0, 0 %, 0 %, 38907 MiB, 40960 MiB, 101.96 W
2026/08/07 17:49:03.787, 0, 0 %, 0 %, 38907 MiB, 40960 MiB, 101.96 W
2026/08/07 17:49:08.803, 0, 0 %, 0 %, 38907 MiB, 40960 MiB, 102.08 W
2026/08/07 17:49:13.815, 0, 0 %, 0 %, 38907 MiB, 40960 MiB, 101.83 W
2026/08/07 17:49:18.830, 0, 0 %, 0 %, 38907 MiB, 40960 MiB, 102.19 W
2026/08/07 17:49:23.847, 0, 0 %, 0 %, 38907 MiB, 40960 MiB, 101.96 W
2026/08/07 17:49:28.865, 0, 0 %, 0 %, 38907 MiB, 40960 MiB, 101.96 W
2026/08/07 17:49:33.876, 0, 0 %, 0 %, 38907 MiB, 40960 MiB, 102.19 W
2026/08/07 17:49:38.894, 0, 0 %, 0 %, 38907 MiB, 40960 MiB, 101.96 W
2026/08/07 17:49:43.903, 0, 0 %, 0 %, 38907 MiB, 40960 MiB, 101.96 W
2026/08/07 17:49:48.915, 0, 0 %, 0 %, 38907 MiB, 40960 MiB, 101.95 W
2026/08/07 17:49:53.928, 0, 0 %, 0 %, 38907 MiB, 40960 MiB, 101.96 W
2026/08/07 17:49:58.945, 0, 0 %, 0 %, 38907 MiB, 40960 MiB, 101.96 W
2026/08/07 17:50:03.959, 0, 0 %, 0 %, 38907 MiB, 40960 MiB, 102.07 W
2026/08/07 17:50:08.971, 0, 0 %, 0 %, 38907 MiB, 40960 MiB, 101.96 W
2026/08/07 17:50:13.986, 0, 0 %, 0 %, 38907 MiB, 40960 MiB, 101.96 W
2026/08/07 17:50:18.994, 0, 0 %, 0 %, 38907 MiB, 40960 MiB, 102.08 W
2026/08/07 17:50:24.002, 0, 0 %, 0 %, 38907 MiB, 40960 MiB, 102.07 W
2026/08/07 17:50:29.010, 0, 0 %, 0 %, 38907 MiB, 40960 MiB, 101.96 W
2026/08/07 17:50:34.025, 0, 0 %, 0 %, 38907 MiB, 40960 MiB, 102.19 W
2026/08/07 17:50:39.037, 0, 0 %, 0 %, 38907 MiB, 40960 MiB, 102.07 W
2026/08/07 17:50:44.051, 0, 0 %, 0 %, 38907 MiB, 40960 MiB, 101.96 W
2026/08/07 17:50:49.066, 0, 0 %, 0 %, 38907 MiB, 40960 MiB, 102.19 W
2026/08/07 17:50:54.075, 0, 0 %, 0 %, 38907 MiB, 40960 MiB, 101.96 W
2026/08/07 17:50:59.085, 0, 0 %, 0 %, 38907 MiB, 40960 MiB, 102.07 W
2026/08/07 17:51:04.093, 0, 0 %, 0 %, 38907 MiB, 40960 MiB, 101.96 W
2026/08/07 17:51:09.107, 0, 0 %, 0 %, 38907 MiB, 40960 MiB, 102.31 W
2026/08/07 17:51:14.118, 0, 0 %, 0 %, 38907 MiB, 40960 MiB, 102.07 W
2026/08/07 17:51:19.125, 0, 0 %, 0 %, 38907 MiB, 40960 MiB, 102.31 W
2026/08/07 17:51:24.130, 0, 0 %, 0 %, 38907 MiB, 40960 MiB, 102.19 W
2026/08/07 17:51:29.135, 0, 0 %, 0 %, 38907 MiB, 40960 MiB, 102.07 W
2026/08/07 17:51:34.144, 0, 0 %, 0 %, 38907 MiB, 40960 MiB, 102.19 W
2026/08/07 17:51:39.153, 0, 0 %, 0 %, 38907 MiB, 40960 MiB, 101.96 W
2026/08/07 17:51:44.159, 0, 0 %, 0 %, 38907 MiB, 40960 MiB, 102.19 W
2026/08/07 17:51:49.166, 0, 0 %, 0 %, 38907 MiB, 40960 MiB, 102.07 W
2026/08/07 17:51:54.171, 0, 0 %, 0 %, 38907 MiB, 40960 MiB, 102.19 W
2026/08/07 17:51:59.177, 0, 0 %, 0 %, 38907 MiB, 40960 MiB, 101.96 W
2026/08/07 17:52:04.183, 0, 0 %, 0 %, 38907 MiB, 40960 MiB, 102.07 W
2026/08/07 17:52:09.189, 0, 0 %, 0 %, 38907 MiB, 40960 MiB, 102.07 W
2026/08/07 17:52:14.195, 0, 0 %, 0 %, 38907 MiB, 40960 MiB, 102.19 W
2026/08/07 17:52:19.203, 0, 0 %, 0 %, 38907 MiB, 40960 MiB, 102.08 W
2026/08/07 17:52:24.209, 0, 0 %, 0 %, 38907 MiB, 40960 MiB, 102.07 W
2026/08/07 17:52:29.217, 0, 0 %, 0 %, 38907 MiB, 40960 MiB, 101.96 W
2026/08/07 17:52:34.223, 0, 0 %, 0 %, 38909 MiB, 40960 MiB, 101.96 W
